{
  "fuse": {
    "staking": 101101.85535922664
  },
  "meter": {
    "staking": 212.93642457661912
  }
}